Table,Key,Id,English (en-US),Russian (ru)
Credits,credits_indieNova,616901369857,indienova,indienova
OS_Alerts,SkippedReadmeFileAlertTitle,54410847131262976,Alert! - Skipped README.npg,Alert! - Skipped README.npg
OS_misc_contents,Chronolog_About_ProductKey,17418858901004289,SS01-MOGTXMY,SS01-MOGTXMY
OS_misc_contents,Colorlens_About_ProductKey,17418858901004290,SS02-UGPLENC,SS02-UGPLENC
OS_misc_contents,HAL_PuzzleA2_Password1,116525034971848704,sekhetaaru,sekhetaaru
OS_misc_contents,HAL_PuzzleA2_Password2,116525035001208832,sekhet aaru,sekhet aaru
OS_misc_contents,HAL_PuzzleA2_Password3,116525035005403136,sekhet-aaru,sekhet-aaru
OS_misc_contents,HAL_PuzzleA2_Password4,116525035005403137,sekhet_aaru,sekhet_aaru
OS_misc_contents,Notepage_About_ProductKey,17418858901004291,SS03-MPETYUH,SS03-MPETYUH
OS_misc_contents,OS_FileDialog_Extension,75355315447521296,.ext,.ext
OS_misc_contents,Password_MaxIntro_1,6844542526414848,power,power
OS_misc_contents,SecurityAnswers_P9Hanoi_Q4A10,515453739046,walleye,walleye
OS_misc_contents,SecurityAnswers_P9Hanoi_Q4A11,18165530954293248,walter,walter
OS_misc_contents,SecurityAnswers_P9Hanoi_Q4A12,18165530958487552,walterwaters,walterwaters
OS_misc_contents,SecurityAnswers_P9Hanoi_Q4A13,18165530958487553,walter_waters,walter_waters
OS_misc_contents,SecurityAnswers_P9Hanoi_Q4A14,18165530958487554,walter-waters,walter-waters
OS_misc_contents,SecurityAnswers_P9Hanoi_Q4A15,18165530958487555,walter waters,walter waters
OS_misc_contents,Sketchy_About_ProductKey,17418858901004292,DWAMF-35644,DWAMF-35644
OS_misc_contents,Storyteller_About_ProductKey,17418858901004293,SS04-CFLHUEV,SS04-CFLHUEV
OS_misc_contents,Websurfer_About_ProductKey,17418858901004294,SS05-WPCOFV,SS05-WPCOFV
TerminalCommandOutput,,136631079010295808,ADMIN-DEANALYSIS,ADMIN-DEANALYSIS
TerminalCommandOutput,,138785507175817221,M4X1MUS-DEANALYSIS,M4X1MUS-DEANALYSIS
TerminalCommandOutput,,138785507180011522,HALIBUT-DEANALYSIS,HALIBUT-DEANALYSIS
TerminalCommandOutput,,140998703336906752,DE-DAEMON,DE-DAEMON
TerminalCommandOutput,,148883796122394634,M4X1MUS-DEANALYSIS,M4X1MUS-DEANALYSIS
TerminalCommandOutput,,148883796122394640,HALIBUT-DEANALYSIS,HALIBUT-DEANALYSIS
TerminalCommandOutput,CMD_Base_Chrono_Restore_InvalidFilepath,167405071300026368,<color=red>[ALERT]</color>: <param>Filepath</param> is invalid - should follow format <cmd>FOLDER</cmd>/<param>FILENAME</param>.RES ,<color=red>[ALERT]</color>: <param>Filepath</param> is invalid - should follow format <cmd>FOLDER</cmd>/<param>FILENAME</param>.RES 
TerminalHelpCommandOutput,CMD_Base_Help_Placeholder,2376907923467,command,command
TerminalParameters,,35726907461853184,note,note
TerminalParameters,PARAM_Chrono_Restore,2431248399065098,restore,restore
TerminalParameters,PARAM_F1MainHall_Gate,945785135109,gate,gate
TerminalParameters,PARAM_F1MainHall_Go_Forward,2431248403259396,forward,forward
TerminalParameters,PARAM_F1MainHall_Go_Outside,945785135123,outside,outside
TerminalParameters,PARAM_F1MainHall_Left,945785135110,leftroom,leftroom
TerminalParameters,PARAM_F1MainHall_ResEntry,35882036509007872,note,note
TerminalParameters,PARAM_F1MainHall_Right,945785135111,rightroom,rightroom
TerminalParameters,PARAM_F1OrbRoom_Book,945785135113,book,book
TerminalParameters,PARAM_F1OrbRoom_InkBottle,945785135114,inkbottle,inkbottle
TerminalParameters,PARAM_F1OrbRoom_LeftBanner,945785135115,leftbanner,leftbanner
TerminalParameters,PARAM_F1OrbRoom_MiddleBanner,945785135117,middlebanner,middlebanner
TerminalParameters,PARAM_F1OrbRoom_Orb,945785135112,orb,orb
TerminalParameters,PARAM_F1OrbRoom_RightBanner,945785135116,rightbanner,rightbanner
TerminalParameters,PARAM_F1PortraitRoom_Corpse,35882036509007873,corpse,corpse
TerminalParameters,PARAM_F1PortraitRoom_Floor,945785135122,floor,floor
TerminalParameters,PARAM_F1PortraitRoom_Lever,945785135121,lever,lever
TerminalParameters,PARAM_F1PortraitRoom_Portrait,945785135118,portrait,portrait
TerminalParameters,PARAM_F1PortraitRoom_Torch,945785135119,torch,torch
TerminalParameters,PARAM_F1PortraitRoom_Wall,945785135120,wall,wall
TerminalParameters,PARAM_F2_confront_fears,324833773608960,FEARS,FEARS
TerminalParameters,PARAM_F2_leftObject,2431248403259397,sword,sword
TerminalParameters,PARAM_F2_leftObject_gems,36512164255621120,gems,gems
TerminalParameters,PARAM_F2_middleObject,2431248403259398,chalice,chalice
TerminalParameters,PARAM_F2_middleObject_palette,36512164259815424,palette,palette
TerminalParameters,PARAM_F2_rightObject_camera,945785135125,camera,camera
TerminalParameters,PARAM_F2_rightObject_medallion,945785135126,medallion,medallion
TerminalParameters,PARAM_GChessRoom_Ankh,16188908810264576,bishop,bishop
TerminalParameters,PARAM_GChessRoom_Book,15819139976257536,book,book
TerminalParameters,PARAM_GChessRoom_Chessboard,16188908810264578,chessboard,chessboard
TerminalParameters,PARAM_GChessRoom_Circle,41904132473217024,magiccircle,magiccircle
TerminalParameters,PARAM_GChessRoom_Mirror,16188908810264577,mirror,mirror
TerminalParameters,PARAM_Help_Chrono,66262133153718272,chrono,chrono
TerminalParameters,PARAM_Help_Clear,2431248399065100,clear,clear
TerminalParameters,PARAM_Help_Exit,69255018560086016,exit,exit
TerminalParameters,PARAM_Help_Feel,2431248399065101,feel,feel
TerminalParameters,PARAM_Help_Go,2431248399065102,go,go
TerminalParameters,PARAM_Help_Look,2431248399065103,look,look
TerminalParameters,PARAM_Help_MoreHelp,2431248399065104,morehelp,morehelp
TerminalParameters,PARAM_Help_Start,2431248399065105,start,start
TerminalParameters,PARAM_Help_Story,2431248403259392,story,story
TerminalParameters,PARAM_Help_Time,2431248403259393,datetime,datetime
TerminalParameters,PARAM_Help_Turn,68726113780621312,turn,turn
TerminalParameters,PARAM_Help_Uninstall,2431248403259394,uninstall,uninstall
TerminalParameters,PARAM_Help_Use,2431248403259395,use,use
TerminalParameters,PARAM_TowerNavigation_Forward,66170931792306176,forward,forward
TerminalParameters,PARAM_TowerNavigation_Left,66170931792306177,"left,l","left,l"
TerminalParameters,PARAM_TowerNavigation_Right,66170931792306178,"right,r","right,r"
TerminalParameters,PARAM_TowerOutside_Gate,33215963250810880,gate,gate
TerminalParameters,PARAM_TowerOutside_Go_Forward,945785135105,forward,forward
TerminalParameters,PARAM_TowerOutside_Lever,33249930658177024,lever,lever
TerminalParameters,PARAM_TowerOutside_Moon,945785135107,moon,moon
TerminalParameters,PARAM_TowerOutside_MoonTablet,33199365290975232,tablet,tablet
TerminalParameters,PARAM_Uninstall_Chronolog,2431248399065089,chronolog,chronolog
TerminalParameters,PARAM_Uninstall_Colorlens,2431248399065090,colorlens,colorlens
TerminalParameters,PARAM_Uninstall_DesktopExplorer,2431248399065091,desktopexplorer,desktopexplorer
TerminalParameters,PARAM_Uninstall_ImageViewer,2431248399065092,imageviewer,imageviewer
TerminalParameters,PARAM_Uninstall_MineSniffer,2431248399065093,minesniffer,minesniffer
TerminalParameters,PARAM_Uninstall_Notepage,2431248399065094,notepage,notepage
TerminalParameters,PARAM_Uninstall_Pizarro,2431248399065095,pizarro,pizarro
TerminalParameters,PARAM_Uninstall_Sketchy,2431248399065096,sketchy,sketchy
TerminalParameters,PARAM_Uninstall_Storyteller,2431248399065097,storyteller,storyteller
TerminalTowerCommandOutput,CMD_Tower_Go_Placeholder,7255241498656768,direction,direction
TerminalTowerCommandOutput,CMD_Tower_Object_Placeholder,3686441452695552,object,object
TerminalTowerInteractables,desc_towerF1_mainHall_gate_lookInteraction_default,12063373508255744,iron gate,iron gate
Websurfer_contents,Chain_ADM_EmmettAddress,40932026226827264,esounder@cmail.com,esounder@cmail.com
Websurfer_contents,Chain_BUG24_MessageContentSubject,40932026231021587,STP-BUG24,STP-BUG24
Websurfer_contents,Chain_CHR92_MessageContentSubject,40932026231021573,CHR-ISSUE92,CHR-ISSUE92
Websurfer_contents,Chain_CHR92_MessageREContent,40932026231021574,"CHR-ISSUE92: Chronolog Feature Request
Enable command line access to restore corrupted .res files.
Proposed command: <b>CHRONO RESTORE</b>
Usage: Enter <b>filepath</b> of corrupted entry. Example: documents/test.res","CHR-ISSUE92: Запрос функции Chronolog
Добавить доступ через командную строку для восстановления повреждённых .res файлов.
Предлагаемая команда: <b>CHRONO RESTORE</b>
Использование: Введите <b>путь/к/файлу</b> повреждённой записи. Пример: documents/test.res"
Websurfer_contents,Fiddler_HAL_Search1,41014904700788749,how to uninstlal,как удалить программу
Websurfer_contents,Fiddler_HAL_Search10,41014904700788758,cmaa clubs drawing,cmaa clubs drawing
Websurfer_contents,Fiddler_HAL_Search4,41014904700788752,home improvement tips,советы по обустройству дома
Websurfer_contents,Fiddler_Max_Search1,41014904700788760,division terrace bridge,division terrace bridge
Websurfer_contents,Fiddler_Max_Search3,41014904700788762,pizarro nextrooms,pizarro nextrooms
Websurfer_contents,Fiddler_Max_Search4,41014904700788763,nextrooms desktop explorer,nextrooms desktop explorer
Websurfer_contents,Fiddler_Max_Search5,41014904704983040,mall in nextrooms,mall in nextrooms
Websurfer_contents,Fiddler_Max_Search6,41014904704983041,nextrooms mall,nextrooms mall
Websurfer_contents,Fiddler_Max_Search7,41014904704983042,sketchy brush tips,sketchy brush tips
Websurfer_contents,Fiddler_Max_Search8,41014904704983043,digital art contests,digital art contests
Websurfer_contents,Fridge_MaxPost_Content_Image1,41737622467371106,Rembrandt.img,Rembrandt.img
Websurfer_contents,Fridge_MaxPost_Content_Image2,41737622467371107,Warhol.img,Warhol.img
Websurfer_contents,Fridge_MaxPost_Content_Image3,41737622467371108,Picasso.img,Picasso.img
Websurfer_contents,Fridge_MaxPost_Content_Image4,41737622467371109,Okeeffe.img,Okeeffe.img
Websurfer_contents,Fridge_MaxPost_Content_Image5,41737622467371110,Edvard.img,Edvard.img
Websurfer_contents,HelpUs_InfoPanel_Mail1,41737622467371068,h4libut@cmail.com,h4libut@cmail.com
Websurfer_contents,HelpUs_InfoPanel_Mail2,41737622467371069,leila.sounder@cmail.com,leila.sounder@cmail.com
Websurfer_contents,NRM_Controls_Section2Object,41737622475759624,object,object
Websurfer_contents,QC_Distance_10,41737622479953927,126 miles,203 км
Websurfer_contents,QC_Distance_11,41737622479953928,132 miles,212 км
Websurfer_contents,QC_Distance_12,41997792162340864,694 miles,1117 км
Websurfer_contents,QC_Distance_4,41737622479953921,1 miles,1.6 км
Websurfer_contents,QC_Distance_6,41737622479953923,2 miles,3.2 км
Websurfer_contents,QC_Distance_7,41737622479953924,31 miles,49 км
Websurfer_contents,QC_Distance_8,41737622479953925,52 miles,84 км
Websurfer_contents,QC_Distance_9,41737622479953926,72 miles,116 км
Websurfer_contents,QC_Max_CustomDistance,41737622484148227,828 miles,1333 км
Websurfer_contents,QC_Max_DivisionDistance,41737622484148234,76 miles,122 км
file_names,Abandoned,574773780522,abandoned,abandoned
file_names,AdminChronolog,574773780489,requiem,requiem
file_names,Catacombs,574773780521,catacombs,catacombs
file_names,CaveAncientRuins,574773780495,ancient-ruins,ancient-ruins
file_names,CaveCrossroads,574773780497,three-paths,three-paths
file_names,CaveDareToSayMyName,574773780498,etched-walls,etched-walls
file_names,CaveFleetingFace,574773780499,lights-out,lights-out
file_names,CaveNarrowTunnel,574773780496,narrow-tunnel,narrow-tunnel
file_names,Credits,30126127925157892,TheSweaters - FeelAnything[128kbps],TheSweaters - FeelAnything[128kbps]
file_names,DeepCave,574773780494,deep-cave,deep-cave
file_names,EndlessOcean,30126127925157891,endless-ocean,endless-ocean
file_names,FireCrackling,574773780493,fire-crackling,fire-crackling
file_names,GoIn,574773780492,fortuna,fortuna
file_names,HalA1Scales,574773780503,harmony,harmony
file_names,HalA2Spells,6133108645552128,conjure,conjure
file_names,HalP0TempleIntro,6129303216447488,entrance,entrance
file_names,HalP1Podium,574773780504,scarab-podium,scarab-podium
file_names,HalP7Sanctum,574773780500,sanctum,sanctum
file_names,HalR1SortBy,6133108649746433,scorching,scorching
file_names,HalR2About,6133108649746434,tomb,tomb
file_names,HalR2AboutEnd,6133108649746435,desecration,desecration
file_names,HalT1HallIOfMirrors,6133108649746432,mirrors,mirrors
file_names,HalT2Hourglass,574773780505,sandfalls,sandfalls
file_names,HalibutChronolog,574773780487,reminisce,reminisce
file_names,Max_Prologue_Skyline,15756016003047424,skyline,skyline
file_names,MaximusChronolog,574773780488,TheSweaters - Interlude[128kbps],TheSweaters - Interlude[128kbps]
file_names,MiniGameMineSniffer,30126127920963587,MineSniffer,MineSniffer
file_names,MiniGameWormHole,12159071594471428,Wormhole,Wormhole
file_names,NextRoomsArcade,30126127920963588,cabinets,cabinets
file_names,NextRoomsArtStore,12159071577694208,paintings,paintings
file_names,NextRoomsCorkboard,33402968249196544,NextRooms-theme,NextRooms-theme
file_names,NextRoomsJanitorCloset,574773780511,nr_janitorCloset,nr_janitorCloset
file_names,NextRoomsLightsOut,574773780508,tread,tread
file_names,NextRoomsMagicStore,12159071594471424,sleight-of-hand,sleight-of-hand
file_names,NextRoomsMainMenu,574773780509,NextRooms-theme,NextRooms-theme
file_names,NextRoomsMallFirstFloor,574773780513,abandoned,abandoned
file_names,NextRoomsPetStore,574773780510,shattered,shattered
file_names,NextRoomsPhotoLab,30126127920963590,mannequin,mannequin
file_names,NextRoomsPhotoLabAfterDarkRoom,32545027493191686,TheSweaters - Faceless[128kbps],TheSweaters - Faceless[128kbps]
file_names,NextRoomsRoomieRoom,574773780514,Roomie,Roomie
file_names,NextRoomsSecondFloor,12159071594471425,defy,defy
file_names,NextRoomsUnderConstruction,32545027493191685,under-construction,under-construction
file_names,NextRoomsVHSStore,574773780512,nr_vhsStore,nr_vhsStore
file_names,NextRooms_Test,574773780507,nextRooms,nextRooms
file_names,P9HanoiAltar,574773780501,at-the-river's-end,at-the-river's-end
file_names,RockyShore,574773780491,rocky-shore,rocky-shore
file_names,RoomieName_Cj,9666475680849923,CJ,CJ
file_names,RoomieName_Femur,9666475680849922,femur,femur
file_names,RoomieName_Hazel,9666475680849920,Hazel,Hazel
file_names,RoomieName_Kamarena,9666475680849921,K4M4R3N4,K4M4R3N4
file_names,ScreenSaverAquarium,32545027493191684,aquarium,aquarium
file_names,ScreenSaverMaze,12159071594471426,maze,maze
file_names,ScreenSaverMazeReversed,12159071594471427,ezam,ezam
file_names,SewerEntrance,574773780519,sewer-entrance,sewer-entrance
file_names,SewerTunnels,574773780520,sewer-tunnels,sewer-tunnels
file_names,TerminalPrompter,30126127920963592,exploit,exploit
file_names,TheTower,30126127925157888,the-tower,the-tower
file_names,Tower_F1,30126127925157889,arcana,arcana
file_names,Tower_F7,12699581555924992,journey's-end,journey's-end
file_names,VhsStoreAfterTrilogy,32545027493191683,AfterTrilogy,AfterTrilogy
file_names,VhsStoreDreamInGauche,32545027493191681,TheSweaters - DreamInGouache[128kbps],TheSweaters - DreamInGouache[128kbps]
file_names,VhsStoreRodAndReel,32545027493191682,Rod&Reel,Rod&Reel
file_names,VhsStoreSlasherFest,32545027493191680,SlasherFest,SlasherFest
file_names,arcade_polaroid,574773780482,arcade,arcade
file_names,art_polaroid,574773780481,paint,paint
file_names,construction_polaroid,574773780484,emotions,emotions
file_names,court_polaroid,574769586176,camera,camera
file_names,filename_adm_DEInstaller,7252309464571904,DE_Installer,DE_Installer
file_names,filename_adm_conclusion,22790352355188744,conclusion,заключение
file_names,filename_adm_deAnalysis,22790352355188739,de_analysis,de_analysis
file_names,filename_adm_deInstall,22790352355188743,deInstall,deInstall
file_names,filename_adm_encryptInstructions,22790352355188752,encryptInstructions,encryptInstructions
file_names,filename_adm_lifecycle,22790352355188750,lifecycle,lifecycle
file_names,filename_adm_memories,22790352355188738,memories,memories
file_names,filename_adm_nosTerminal,22790352342605824,nOS Terminal,nOS Terminal
file_names,filename_adm_psychostimuli,22790352355188740,psychostimuli,psychostimuli
file_names,filename_adm_shame,22790352355188736,shame,shame
file_names,filename_adm_shieldingHand,22790352355188751,TactileVision,TactileVision
file_names,filename_adm_together,22790352355188741,together,together
file_names,filename_adm_towerF1_mainHall,22790352355188746,SealedCalling,SealedCalling
file_names,filename_adm_towerF1_orb,22790352355188747,CrystalClearFog,CrystalClearFog
file_names,filename_adm_towerF1_portrait,22790352355188748,BlindImage,BlindImage
file_names,filename_adm_towerF7_window,22790352355188749,TwilightsDawn,TwilightsDawn
file_names,filename_adm_towerOutside,22790352355188745,DawnsTwilight,DawnsTwilight
file_names,filename_adm_whoAreYou,22790352355188737,whoAreYou,ктоТыТакой
file_names,filename_adm_youllregretthis,22790352355188742,youllregretthis,youllregretthis
file_names,filename_core_chatlogs,32799440443006976,Chatlogs,Chatlogs
file_names,filename_core_desktop,574773780529,Desktop,Desktop
file_names,filename_core_desktopExplorer,574773780526,Desktop Explorer,Desktop Explorer
file_names,filename_core_desktop_path,913835971043328,desktop,desktop
file_names,filename_core_documents,574773780525,Documents,Documents
file_names,filename_core_downloads,574773780524,Downloads,Downloads
file_names,filename_core_inventory,7796430222647296,Inventory,Inventory
file_names,filename_core_terminal,24884339383721984,nOS Terminal,nOS Terminal
file_names,filename_core_wasteBin,574773780527,WasteBin,WasteBin
file_names,filename_core_webSurfer,574773780528,WebSurfer2,WebSurfer2
file_names,filename_gadm_A1,22790352355188796,A1,A1
file_names,filename_gadm_B3,22790352355188797,B3,B3
file_names,filename_gadm_C2,22790352355188803,C2,C2
file_names,filename_gadm_C3,22790352355188795,C3,C3
file_names,filename_gadm_chessboard,22790352355188794,Chessboard,Chessboard
file_names,filename_gadm_prophecy,22790352355188807,prophecy,prophecy
file_names,filename_gadm_royalObjective,24557561536569344,royalObjective,royalObjective
file_names,filename_gadm_theKingsDemise,22790352355188801,theKingsDemise,theKingsDemise
file_names,filename_gadm_towerGuppy,22790352355188806,unsoughtQuest,unsoughtQuest
file_names,filename_gadm_tripDownMemoryLane,22790352355188804,tripDownMemoryLane,tripDownMemoryLane
file_names,filename_gadm_tripDownMemoryLaneDisplayName,22790352355188805,A Trip Down Memory Lane,A Trip Down Memory Lane
file_names,filename_gadm_whiteKing,22790352355188798,whiteKing,whiteKing
file_names,filename_gadm_whiteKnight,22790352355188799,whiteKnight,whiteKnight
file_names,filename_gadm_whitePawn,22790352355188802,whitePawn,whitePawn
file_names,filename_gadm_whiteRook,22790352355188800,whiteRook,whiteRook
file_names,filename_ghal_adminShortcut,22790352355188755,Admin,Admin
file_names,filename_ghal_anglerTrio,22790352355188762,{anglerTrio},{anglerTrio}
file_names,filename_ghal_away,22790352355188753,Away,Away
file_names,filename_ghal_backToEntrance,23233975907508224,Back To Entrance,Back To Entrance
file_names,filename_ghal_bigCatch,22790352355188779,{bigCatch},{bigCatch}
file_names,filename_ghal_dontForget,22790352355188764,{dontForget},{dontForget}
file_names,filename_ghal_fadedInstructions,22790352355188757,faded_instructions,faded_instructions
file_names,filename_ghal_fading,22790352355188761,Fading,Fading
file_names,filename_ghal_fishingLure,22790352355188780,fishingLure,fishingLure
file_names,filename_ghal_goBelow,22790352355188768,go below,go below
file_names,filename_ghal_goLeft,22790352355188767,go left,go left
file_names,filename_ghal_goRight,22790352355188769,go right,go right
file_names,filename_ghal_interestingStory,22790352355188758,interestingStory,interestingStory
file_names,filename_ghal_isSlowly,22790352355188763,Is Slowly,Is Slowly
file_names,filename_ghal_lookBehindYou,22790352355188770,lookBehindYou,lookBehindYou
file_names,filename_ghal_maximusShortcut,22790352355188754,M4x1mus,M4x1mus
file_names,filename_ghal_memoryLane,22790352355188760,Memory Lane,Memory Lane
file_names,filename_ghal_memoryMaze0,22790352355188759,memoryMaze0,memoryMaze0
file_names,filename_ghal_memoryMaze1,22790352355188766,memoryMaze1,memoryMaze1
file_names,filename_ghal_memoryMaze2,22790352355188771,memoryMaze2,memoryMaze2
file_names,filename_ghal_memoryMaze3,22790352355188772,memoryMaze3,memoryMaze3
file_names,filename_ghal_memoryMaze4,22790352355188773,memoryMaze4,memoryMaze4
file_names,filename_ghal_memoryMaze5,22790352355188774,memoryMaze5,memoryMaze5
file_names,filename_ghal_memoryMaze6,22790352355188775,memoryMaze6,memoryMaze6
file_names,filename_ghal_memoryMaze7,22790352355188776,memoryMaze7,memoryMaze7
file_names,filename_ghal_memoryMistake,23233975894925312,Wrong Turn,Wrong Turn
file_names,filename_ghal_sunkenMemories,22790352355188765,sunkenMemories,sunkenMemories
file_names,filename_ghal_underwaterRuins,22790352355188756,underwaterRuins,underwaterRuins
file_names,filename_ghal_whatIsLeft,22790352355188777,whatIsLeft,whatIsLeft
file_names,filename_ghal_whatIsLeftDisplayName,22790352355188778,What Is Left,What Is Left
file_names,filename_ghalibut_note1,7790713168191492,notebook,notebook
file_names,filename_ghalibut_note2,7790713168191493,whatyear,whatyear
file_names,filename_ghalibut_note3,7790713168191494,no,no
file_names,filename_gmax_blackPawn,22790352355188790,blackPawn,blackPawn
file_names,filename_gmax_chessFigurehead,22790352355188788,chessFigurehead,chessFigurehead
file_names,filename_gmax_diveIn,22790352355188783,diveIn,нырнуть
file_names,filename_gmax_fishingLure,22790352355188789,fishingLure,fishingLure
file_names,filename_gmax_halibutShortcut,22790352355188782,Halibut,Halibut
file_names,filename_gmax_inventory,22790352355188786,Inventory,Inventory
file_names,filename_gmax_maelstrom,22790352355188784,maelstrom,водоворот
file_names,filename_gmax_mural,22790352355188791,mural,mural
file_names,filename_gmax_nextRooms,22790352355188785,nextRooms,nextRooms
file_names,filename_gmax_ship,22790352355188792,Ship,Ship
file_names,filename_gmax_shipWheel,22790352355188787,shipWheel,shipWheel
file_names,filename_hal_DEInstaller,574777974793,DE_Installer,DE_Installer
file_names,filename_hal_MyGuilt,574773780538,my_guilt,my_guilt
file_names,filename_hal_MyNotes,574773780537,my_notes,my_notes
file_names,filename_hal_altar,574777974859,altar,altar
file_names,filename_hal_anglerTrio,574777974801,anglerTrio,anglerTrio
file_names,filename_hal_anubisScale,12159071607054350,anubisScale,anubisScale
file_names,filename_hal_archeologistNotes,12159071611248676,archeologistNotes,archeologistNotes
file_names,filename_hal_balance,12159071607054349,balance,balance
file_names,filename_hal_behindLeftDoor,574777974832,behind_left_door,behind_left_door
file_names,filename_hal_behindRightDoor,574777974834,behind_right_door,behind_right_door
file_names,filename_hal_bigBroWalleye,574773780570,bigBroWalleye,bigBroWalleye
file_names,filename_hal_bigCatch,574777974800,bigCatch,bigCatch
file_names,filename_hal_burningCoal,12159071611248649,burningCoal{0},burningCoal{0}
file_names,filename_hal_cFBAdoptionForm,574777974865,CFBAdoptionForm,CFBAdoptionForm
file_names,filename_hal_cavesMouth,574777974804,cavesMouth,cavesMouth
file_names,filename_hal_chamber,12159071607054342,chamber,chamber
file_names,filename_hal_colorLens,243518609022978,ColorLens,ColorLens
file_names,filename_hal_corpse,12159071611248655,corpse,corpse
file_names,filename_hal_corruptedKey,574777974828,key,key
file_names,filename_hal_countlessRegrets,574773780536,countlessRegrets,countlessRegrets
file_names,filename_hal_credits,574777974798,credits,credits
file_names,filename_hal_darkVines,12159071607054357,dark_vines,dark_vines
file_names,filename_hal_deadEnd,574777974854,dead_end,dead_end
file_names,filename_hal_deadlyMistake,12159071611248656,deadlyMistake,deadlyMistake
file_names,filename_hal_detectiveMemories,574777974822,detective_memories,detective_memories
file_names,filename_hal_diploma,574777974866,diploma,diploma
file_names,filename_hal_dontForget,574773780568,dontForget,dontForget
file_names,filename_hal_duaj,574773780560,Duaj,Duaj
file_names,filename_hal_eliteTourParlorWallpaper,574777974861,eliteTroutParlorWallpaperHD,eliteTroutParlorWallpaperHD
file_names,filename_hal_endgame,574773780559,endgame,endgame
file_names,filename_hal_endofdemo,574773780547,endofdemo,endofdemo
file_names,filename_hal_engravedWarning,574777974846,engraved_warning,engraved_warning
file_names,filename_hal_epitaph,12159071611248654,epitaph,epitaph
file_names,filename_hal_escaped,574777974795,escaped,escaped
file_names,filename_hal_etchedWalls,574777974838,etched_walls,etched_walls
file_names,filename_hal_example,574773780551,example,example
file_names,filename_hal_example2,574777974787,example2,example2
file_names,filename_hal_exampleFolder,574777974786,example_folder,example_folder
file_names,filename_hal_examplePuzzle,574773780562,Example Puzzle,Example Puzzle
file_names,filename_hal_examplePuzzleTitle,24457377930534912,Example Puzzle,Example Puzzle
file_names,filename_hal_exampleTitle,243518609022976,example_puzzle,example_puzzle
file_names,filename_hal_exitPath,574773780543,ExitPath,ExitPath
file_names,filename_hal_familyPhotos,574773780557,familyPhotos,familyPhotos
file_names,filename_hal_familyPhotosTitle,896801690345472,Family photos,Family photos
file_names,filename_hal_fantasyLand,574773780531,FantasyLand,FantasyLand
file_names,filename_hal_featherCoin,12159071607054353,featherCoin,featherCoin
file_names,filename_hal_flatStoneL,574777974857,flat_stone_L,flat_stone_L
file_names,filename_hal_flatStoneM,574777974853,flat_stone_M,flat_stone_M
file_names,filename_hal_flatStoneS,574777974843,flat_stone_S,flat_stone_S
file_names,filename_hal_fleetingFace,574777974842,fleeting_face,fleeting_face
file_names,filename_hal_fleetingFace_stp,574777974844,fleeting_face,fleeting_face
file_names,filename_hal_followingAVoice,12159071607054358,Following_a_voice,Following_a_voice
file_names,filename_hal_followingAVoiceAlternatePwd,12159071607054360,wrongWords,wrongWords
file_names,filename_hal_followingAVoiceDefault,12159071611248641,Following_a_voice,Following_a_voice
file_names,filename_hal_followingAVoiceInanna,12159071607054362,familiarCall,familiarCall
file_names,filename_hal_followingAVoiceKassandra,12159071607054361,wrongName,wrongName
file_names,filename_hal_followingAVoiceTagsDeleted,12159071607054359,alteredSanctuary,alteredSanctuary
file_names,filename_hal_followingAVoiceWrong,12159071611248640,yellingNonsense,yellingNonsense
file_names,filename_hal_furnaceRoom,12159071611248648,furnaceRoom,furnaceRoom
file_names,filename_hal_groceries,574777974789,groceries,groceries
file_names,filename_hal_hallOfMirrors,12159071611248667,hallOfMirrors,hallOfMirrors
file_names,filename_hal_handsOfFlame,574773780539,HandsOfFlame,HandsOfFlame
file_names,filename_hal_heartCoin,12159071607054352,heartCoin,heartCoin
file_names,filename_hal_heightenedSenses,574777974845,heightened_senses,heightened_senses
file_names,filename_hal_hourglass,12159071611248677,hourglass,hourglass
file_names,filename_hal_iKnowYouSawMe,574777974847,i_kNow_yoU_sAW_ME,i_kNow_yoU_sAW_ME
file_names,filename_hal_iLBeWatching,574773780542,IllBeWatching,IllBeWatching
file_names,filename_hal_impressiveSights,574773780533,ImpressiveSights,ImpressiveSights
file_names,filename_hal_inside,574777974813,inside,inside
file_names,filename_hal_insideBlueLockbox,12159071611248679,insideBlueLockbox,insideBlueLockbox
file_names,filename_hal_insideMouth,12159071611248663,insideMouth,insideMouth
file_names,filename_hal_insideYellowLockbox,12159071611248643,Inside_yellow_lockbox,Inside_yellow_lockbox
file_names,filename_hal_inside_of_cave,574777974814,inside_of_cave,inside_of_cave
file_names,filename_hal_insuranceJune,574777974785,insuranceJune,insuranceJune
file_names,filename_hal_intriguingStory,574773780535,intriguingStory,intriguingStory
file_names,filename_hal_introduction,12159071607054345,introduction,introduction
file_names,filename_hal_itsJustAnExample,574773780566,Its_Just_An_Example,Its_Just_An_Example
file_names,filename_hal_leftDoor,574777974825,left_door,left_door
file_names,filename_hal_leftDoorTitle,574777974829,Left Door,Left Door
file_names,filename_hal_leftPlate,12159071607054347,Left Plate,Left Plate
file_names,filename_hal_leftRoomRune,574777974831,left_room_rune,left_room_rune
file_names,filename_hal_leftWall,12159071607054356,left_wall,left_wall
file_names,filename_hal_lightedPath,574777974818,lighted_path,lighted_path
file_names,filename_hal_lilGuppy,574773780569,lilGuppy,lilGuppy
file_names,filename_hal_list,574777974791,list,list
file_names,filename_hal_list_continous,574777974792,list({0}),list({0})
file_names,filename_hal_lockBoxNote,12159071611248644,note,note
file_names,filename_hal_longScroll,574777974816,long_scroll,long_scroll
file_names,filename_hal_lookingBack,574777974796,lookingBack,lookingBack
file_names,filename_hal_losingYourMind,12159071611248661,losingYourMind,losingYourMind
file_names,filename_hal_lostOnTheShore,574777974805,lostOnTheShore,lostOnTheShore
file_names,filename_hal_mapFragment1,12159071611248668,mapFragment1,mapFragment1
file_names,filename_hal_mapFragment2,12159071611248669,mapFragment2,mapFragment2
file_names,filename_hal_mapFragment3,12159071611248670,mapFragment3,mapFragment3
file_names,filename_hal_mapFragment4,12159071611248671,mapFragment4,mapFragment4
file_names,filename_hal_medicalScans,574773780571,Medical Scans,Medical Scans
file_names,filename_hal_mirror,12159071611248672,mirror,mirror
file_names,filename_hal_mural,574777974858,mural,mural
file_names,filename_hal_mysteriousQuartz,574777974860,mysterious_quartz,mysterious_quartz
file_names,filename_hal_nextPuzzle,574773780563,Next Puzzle,Next Puzzle
file_names,filename_hal_nightmare,574773780532,Nightmares,Nightmares
file_names,filename_hal_no_escape,574777974808,no_escape,no_escape
file_names,filename_hal_notes,574773780558,notes,notes
file_names,filename_hal_nothingToSeeHere,574773780565,Nothing_To_See_here,Nothing_To_See_here
file_names,filename_hal_nowhereToGo,574773780534,NowhereToGo,NowhereToGo
file_names,filename_hal_observe,574773780541,Observe,Observe
file_names,filename_hal_openMe,574773780545,openMe,openMe
file_names,filename_hal_orWithout,12159071611248660,orWithout,orWithout
file_names,filename_hal_outside,574773780554,outside,outside
file_names,filename_hal_outsideFolder,12159071607054344,OUTSIDE,OUTSIDE
file_names,filename_hal_overwhelmingDark,574777974841,overwhelming_dark,overwhelming_dark
file_names,filename_hal_pamphlet,574777974784,pamphlet,pamphlet
file_names,filename_hal_pathOneAnubis,12159071607054337,Path_1,Path_1
file_names,filename_hal_pathOneAnubisTitle,12159071607054351,Path 1 - Anubis,Path 1 - Anubis
file_names,filename_hal_pathThreeRa,12159071607054339,Path_3,Path_3
file_names,filename_hal_pathThreeRaTitle,12159071611248650,Path 3 - Ra,Path 3 - Ra
file_names,filename_hal_pathTwoThoth,12159071607054338,Path_2,Path_2
file_names,filename_hal_pathTwoThothTitle,12159071611248665,Path 2 - Thoth,Path 2 - Thoth
file_names,filename_hal_pictures,574773780555,pictures,pictures
file_names,filename_hal_pillagedTomb,12159071611248653,pillagedTomb,pillagedTomb
file_names,filename_hal_podiumChamber,12159071607054340,podiumChamber,podiumChamber
file_names,filename_hal_podiumChamberTitle,12159071607054341,Podium chamber,Podium chamber
file_names,filename_hal_podiumEnd,574773780548,podiumEnd,podiumEnd
file_names,filename_hal_prescription,574773780572,prescription,prescription
file_names,filename_hal_prologue,574773780549,prologue,prologue
file_names,filename_hal_puzzleA2LitRoom,3950475207499776,lit_room,lit_room
file_names,filename_hal_puzzleA2WordsFromBeyond,12159071607054346,Words_from_beyond,Words_from_beyond
file_names,filename_hal_puzzleA2WordsFromBeyondTitle,12159071607054354,Words from beyond,Words from beyond
file_names,filename_hal_puzzleALockbox,12159071607054355,Locked_jaws,Locked_jaws
file_names,filename_hal_puzzleEightFollowingTheDark,574777974849,puzzle8_following_the_dark,puzzle8_following_the_dark
file_names,filename_hal_puzzleEightFollowingTheDarkTitle,574777974852,Puzzle 8 - Following the dark,Puzzle 8 - Following the dark
file_names,filename_hal_puzzleFiveBigDoor,574777974824,puzzle5_big_door,puzzle5_big_door
file_names,filename_hal_puzzleFiveBigDoorTitle,574777974835,Puzzle 5 - Big Door,Puzzle 5 - Big Door
file_names,filename_hal_puzzleFourCrossroads,574777974821,puzzle4_Crossroads,puzzle4_Crossroads
file_names,filename_hal_puzzleFourCrossroadsTitle,574777974823,Puzzle 4 - Crossroads,Puzzle 4 - Crossroads
file_names,filename_hal_puzzleNineAltar,574777974812,puzzle9_Altar,puzzle9_Altar
file_names,filename_hal_puzzleNineAltarTitle,574777974855,Puzzle 9 - Altar,Puzzle 9 - Altar
file_names,filename_hal_puzzleOne,574777974806,Puzzle 1 - Go in,Puzzle 1 - Go in
file_names,filename_hal_puzzleOneGoIn,574777974811,puzzle1_Go_in,puzzle1_Go_in
file_names,filename_hal_puzzlePrologue,574777974802,Puzzle 0 - Prologue,Puzzle 0 - Prologue
file_names,filename_hal_puzzleR2TombSite,12159071611248646,tomb_site,tomb_site
file_names,filename_hal_puzzleR2TombSiteTitle,12159071611248651,Tomb site,Tomb site
file_names,filename_hal_puzzleRLockbox,12159071611248652,red_lockbox,red_lockbox
file_names,filename_hal_puzzleRLockboxTitle,12159071611248662,Red Lockbox,Red Lockbox
file_names,filename_hal_puzzleSevenDarkSanctum,574777974840,puzzle7_dark_sanctum,puzzle7_dark_sanctum
file_names,filename_hal_puzzleSevenDarkSanctumTitle,574777974848,Puzzle 7 - Dark sanctum,Puzzle 7 - Dark sanctum
file_names,filename_hal_puzzleSixLightsOut,574777974836,puzzle6_lights_out,puzzle6_lights_out
file_names,filename_hal_puzzleSixLightsOutTitle,574777974839,Puzzle 6 - Lights Out,Puzzle 6 - Lights Out
file_names,filename_hal_puzzleTHourglass,12159071611248666,hourglass,hourglass
file_names,filename_hal_puzzleTHourglassTitle,12159071611248673,Hourglass,Hourglass
file_names,filename_hal_puzzleTLockbox,12159071611248674,blue_lockbox,blue_lockbox
file_names,filename_hal_puzzleTLockboxTitle,12159071611248678,Blue Lockbox,Blue Lockbox
file_names,filename_hal_puzzleTenBeyond,574777974856,puzzle10_beyond,puzzle10_beyond
file_names,filename_hal_puzzleThreeNarrowTunnel,574777974817,puzzle3_Narrow_tunnel,puzzle3_Narrow_tunnel
file_names,filename_hal_puzzleThreeNarrowTunnelTitle,574777974820,Puzzle 3 - Narrow Tunnel,Puzzle 3 - Narrow Tunnel
file_names,filename_hal_puzzleTwoAncientRuins,725210062905344,puzzle2_Ancient_ruins,puzzle2_Ancient_ruins
file_names,filename_hal_puzzleTwoAncientRuinsTitle,574777974809,Puzzle 2 - Ancient ruins,Puzzle 2 - Ancient ruins
file_names,filename_hal_puzzleZeroPrologueTitle,574777974810,puzzle0_Prologue,puzzle0_Prologue
file_names,filename_hal_quietShore,574777974799,quietShore,quietShore
file_names,filename_hal_rawOre,12159071611248680,raw_ore,raw_ore
file_names,filename_hal_readMe,574773780550,README,README
file_names,filename_hal_records,574777974790,records,records
file_names,filename_hal_rightDoor,574777974826,right_door,right_door
file_names,filename_hal_rightDoorTitle,574777974830,Right door,Right door
file_names,filename_hal_rightPlate,12159071607054348,Right Plate,Right Plate
file_names,filename_hal_rightRoomRune,574777974833,right_room_rune,right_room_rune
file_names,filename_hal_ruby,12159071611248664,Ruby,Ruby
file_names,filename_hal_sandfalls,12159071611248675,sandfalls,sandfalls
file_names,filename_hal_sapphire,12159071611248681,Sapphire,Sapphire
file_names,filename_hal_scans,574773780556,Scans,Scans
file_names,filename_hal_scarabPodium,12159071607054343,scarabPodium,scarabPodium
file_names,filename_hal_sefer,574773780561,Sefer,Sefer
file_names,filename_hal_sheSellSeaShells,574777974864,sheSellsSeaShells,sheSellsSeaShells
file_names,filename_hal_smallRoom,574777974837,small_room,small_room
file_names,filename_hal_stackedStones,5972090954964992,stacked_stones,stacked_stones
file_names,filename_hal_stalagmiteFormation,574777974850,stalagmite_formation,stalagmite_formation
file_names,filename_hal_stalagmiteSanctum,574777974851,stalagmite_sanctum,stalagmite_sanctum
file_names,filename_hal_story,574773780564,story,story
file_names,filename_hal_stuck,574777974807,stuck,stuck
file_names,filename_hal_suspiciousFolder,243518609022977,Suspicious Folder,Suspicious Folder
file_names,filename_hal_tasklist,574773780544,tasklist,tasklist
file_names,filename_hal_templeIntro,574773780546,templeIntro,templeIntro
file_names,filename_hal_theCave,574773780552,The Cave,The Cave
file_names,filename_hal_theEnd,574777974794,The End,The End
file_names,filename_hal_theTemple,574773780553,The Temple,The Temple
file_names,filename_hal_threePaths,574777974827,three_paths,three_paths
file_names,filename_hal_topaz,12159071611248645,Topaz,Topaz
file_names,filename_hal_torch,574777974815,torch,torch
file_names,filename_hal_treasure,574773780567,treasure,treasure
file_names,filename_hal_trophy,574777974797,trophy,trophy
file_names,filename_hal_wallpapers,574777974862,Wallpapers,Wallpapers
file_names,filename_hal_whatAView,574777974863,whatAView,whatAView
file_names,filename_hal_whatYouWant,12159071611248659,whatYouWant,whatYouWant
file_names,filename_hal_widePapyrusStrip,574777974819,wide_papyrus_strip,wide_papyrus_strip
file_names,filename_hal_withoutACurse,12159071611248658,withoutACurse,withoutACurse
file_names,filename_hal_woundsOfFlesh,574773780540,WoundsOfFlesh,WoundsOfFlesh
file_names,filename_hal_wow,574777974788,wow,wow
file_names,filename_hal_yellowLockBoxTitle,12159071611248642,Yellow_lockbox,Yellow_lockbox
file_names,filename_hal_youWontGet,12159071611248657,youWontGet,youWontGet
file_names,filename_hal_yourHand,574777974803,yourHand,yourHand
file_names,filename_hal_yourHands,12159071611248647,yourHands,yourHands
file_names,filename_max_abandoned,12159071619637283,abandoned,abandoned
file_names,filename_max_adminUnlock,12159071615442944,adminUnlock,adminUnlock
file_names,filename_max_ambiguousDrawing,12159071619637252,Ambiguous_Drawing,Ambiguous_Drawing
file_names,filename_max_aquarium,12159071615442967,aquarium,aquarium
file_names,filename_max_arcade,12159071615442972,arcade,arcade
file_names,filename_max_arcadeCard,12159071619637257,arcadeCard,arcadeCard
file_names,filename_max_arcadeTickets,12159071615442976,arcadeTickets,arcadeTickets
file_names,filename_max_arcadeTicketsTitle,34755782875537408,Arcade Tickets,Arcade Tickets
file_names,filename_max_blissEyes,12159071619637274,bliss_eyes,bliss_eyes
file_names,filename_max_blissMouth,12159071619637275,bliss_mouth,bliss_mouth
file_names,filename_max_bloodyCamera,12159071619637260,bloodyCamera,bloodyCamera
file_names,filename_max_brokenAquarium,12159071619637269,brokenAquarium,brokenAquarium
file_names,filename_max_brokenCircuitsA,7790713168191488,brokenCircuits_1,brokenCircuits_1
file_names,filename_max_brokenCircuitsB,7790713168191489,brokenCircuits_2,brokenCircuits_2
file_names,filename_max_camera,12159071615442973,camera,camera
file_names,filename_max_candies,12159071615442965,candies,candies
file_names,filename_max_candyWrapper,12159071619637285,candyWrapper,candyWrapper
file_names,filename_max_cardDeck,12159071615442980,cardDeck,cardDeck
file_names,filename_max_cardTrickInstructions,12159071615442954,cardTrickInstructions,cardTrickInstructions
file_names,filename_max_carryThatWeight,12159071615442951,CARRY_THAT_WEIGHT,CARRY_THAT_WEIGHT
file_names,filename_max_caseFile,12159071615442955,caseFile,caseFile
file_names,filename_max_caseFileFolder,12159071615442989,caseFile,caseFile
file_names,filename_max_chatlogs,12159071619637263,chatlogs,chatlogs
file_names,filename_max_cipherKey,12159071619637288,encryptionKey,encryptionKey
file_names,filename_max_computerFile,12159071615442981,computerFile,computerFile
file_names,filename_max_copperBoxInstaller,12159071619637258,CopperBox_Installer,CopperBox_Installer
file_names,filename_max_credits,12159071619637266,credits,credits
file_names,filename_max_crime,12159071615442970,crime,crime
file_names,filename_max_crimeScene,7790713168191490,crime_scene,crime_scene
file_names,filename_max_deInstaller,12159071615442952,DE_Installer,DE_Installer
file_names,filename_max_desktop,12159071611248687,desktop,desktop
file_names,filename_max_desperateSteps,12159071611248686,desperate_steps,desperate_steps
file_names,filename_max_dirtyFishTankA,12159071619637267,reptileTank_a,reptileTank_a
file_names,filename_max_dirtyFishTankB,12159071619637268,reptileTank_b,reptileTank_b
file_names,filename_max_doNotOpen,12159071619637287,DO_NOT_OPEN,DO_NOT_OPEN
file_names,filename_max_dreamInGouache,8359545427451905,DreamInGouache,DreamInGouache
file_names,filename_max_emotions,12159071615442971,emotions,emotions
file_names,filename_max_escaped,12159071619637264,escaped,escaped
file_names,filename_max_facingEvidence,12159071611248682,facingEvidence,facingEvidence
file_names,filename_max_followingTrails,12159071619637284,followingTrails,followingTrails
file_names,filename_max_fortuneTicket,12159071615442982,fortuneTicket,fortuneTicket
file_names,filename_max_glassBox,12159071619637259,glassBox,glassBox
file_names,filename_max_griefEyes,12159071619637276,grief_eyes,grief_eyes
file_names,filename_max_griefMouth,12159071619637277,grief_mouth,grief_mouth
file_names,filename_max_instantPhotos,12159071615442974,instantPhotos,instantPhotos
file_names,filename_max_inventory,12159071619637262,inventory,inventory
file_names,filename_max_investigatorFile,12159071619637273,investigatorFile,investigatorFile
file_names,filename_max_lockedFolder_petStoreRegister,32448731017109504,Cash register,Cash register
file_names,filename_max_looseChange,12159071615442975,looseChange,looseChange
file_names,filename_max_looseChangeTitle,12537275932991488,Loose Change,Loose Change
file_names,filename_max_magic,12159071615442968,magic,magic
file_names,filename_max_magicBall,12159071615442983,MagicBall,MagicBall
file_names,filename_max_magicHat,12159071615442964,MagicHat,MagicHat
file_names,filename_max_magicKey,12159071619637250,magicKey,magicKey
file_names,filename_max_magicStore,12159071619637256,magicStore,magicStore
file_names,filename_max_mannequin,12159071619637271,mannequin,mannequin
file_names,filename_max_me,12159071619637251,Me,Me
file_names,filename_max_mineSniffer,12159071615442962,MineSniffer,MineSniffer
file_names,filename_max_movieStand,12159071619637286,movieStand,movieStand
file_names,filename_max_movieUnmarked1,8347895936835584,tornMovieCase,tornMovieCase
file_names,filename_max_movieUnmarked2,8347895941029888,paintedMovieCase,paintedMovieCase
file_names,filename_max_movieUnmarked3,8347895941029889,burntMovieCase,burntMovieCase
file_names,filename_max_mural,12159071619637261,mural,mural
file_names,filename_max_nameYourCard,12159071615442953,Name_your_card,Name_your_card
file_names,filename_max_nextRoomsApp,12159071611248683,NextRooms,NextRooms
file_names,filename_max_nonogramDoor,12159071619637270,nonogramDoor,nonogramDoor
file_names,filename_max_outOfOrder,12159071619637282,outOfOrder,outOfOrder
file_names,filename_max_outOfTheHole,12159071619637289,Out_of_the_hole,Out_of_the_hole
file_names,filename_max_outside,12159071615442961,escaped,escaped
file_names,filename_max_painInside,12159071615442949,PAIN_INSIDE,PAIN_INSIDE
file_names,filename_max_paint,12159071615442969,paint,paint
file_names,filename_max_paintingCodeA,12159071615442984,painting_codeA,painting_codeA
file_names,filename_max_paintingCodeB,12159071615442985,painting_codeB,painting_codeB
file_names,filename_max_paintingCodeC,12159071615442986,painting_codeC,painting_codeC
file_names,filename_max_pizarro,12159071619637253,pizarro,pizarro
file_names,filename_max_plainBad,12159071615442948,plainBad,plainBad
file_names,filename_max_prologue,12159071619637254,prologue,prologue
file_names,filename_max_rabbit,12159071615442979,Rabbit,Rabbit
file_names,filename_max_rodAndReel,8359545419063296,Rod&Reel,Rod&Reel
file_names,filename_max_screensavers,12159071611248684,screensavers,screensavers
file_names,filename_max_sketchyAddOn,12159071615442987,SketchyAddOn,SketchyAddOn
file_names,filename_max_skyline,12159071611248685,skyline,skyline
file_names,filename_max_slasherFest,8359545427451904,SlasherFest,SlasherFest
file_names,filename_max_solvingACase,12159071615442960,solving_a_case,solving_a_case
file_names,filename_max_stickerPack,12159071615442988,stickerPack,stickerPack
file_names,filename_max_stickerPackTitle,34755782883926016,Sticker Pack,Sticker Pack
file_names,filename_max_stickyHand,12159071619637249,stickyHand,stickyHand
file_names,filename_max_suspectGrid,12159071615442959,suspectGrid,suspectGrid
file_names,filename_max_suspectWall,12159071619637272,suspectWall,suspectWall
file_names,filename_max_terrible,12159071615442947,terrible,terrible
file_names,filename_max_theCoin,12159071615442977,fountainCoin,fountainCoin
file_names,filename_max_ticket,12159071615442978,ticket,ticket
file_names,filename_max_timelessDespair,12159071619637280,timeless_despair,timeless_despair
file_names,filename_max_trash,12159071615442946,trash,trash
file_names,filename_max_trophy,12159071619637265,trophy,trophy
file_names,filename_max_vendingMachine,12159071619637255,vendingMachine,vendingMachine
file_names,filename_max_vendingMachineManual,12159071619637248,vendingMachineManual,vendingMachineManual
file_names,filename_max_video,12159071615442966,video,video
file_names,filename_max_weirdCipherFolder,12159071615442945,weirdEncryptionKey,weirdEncryptionKey
file_names,filename_max_witness1,12159071615442956,witness1,witness1
file_names,filename_max_witness2,12159071615442957,witness2,witness2
file_names,filename_max_witness3,12159071615442958,witness3,witness3
file_names,filename_max_wormHole,12159071615442963,WormHole,WormHole
file_names,filename_max_wrathEyes,12159071619637278,wrath_eyes,wrath_eyes
file_names,filename_max_wrathMouth,12159071619637279,wrath_mouth,wrath_mouth
file_names,filename_max_youllHaveTo,12159071615442950,YOULL_HAVE_TO,YOULL_HAVE_TO
file_names,filename_safemode_archivedFiles,34755782888120325,Archived Files,Archived Files
file_names,filename_safemode_deletedCopies,33402968303722498,deletedCopies,deletedCopies
file_names,filename_safemode_readmeDadCopy,34755782888120320,README_DAD({0}),README_DAD({0})
file_names,filename_safemode_readmedad,33402968303722497,README_DAD,README_DAD
file_names,filename_safemode_stingray1,34755782888120321,stingray_part1,stingray_part1
file_names,filename_safemode_stingray2,34755782888120322,stingray_part2,stingray_part2
file_names,filename_safemode_stingray3,34755782888120323,stingray_part3,stingray_part3
file_names,filename_safemode_systemFiles,34755782888120324,System Files,System Files
file_names,lab_polaroid,574773780485,crime,crime
file_names,magic_polaroid,574773780480,magic,magic
file_names,pet_polaroid,574769586178,aquarium,aquarium
file_names,vending_polaroid,574773780483,candies,candies
file_names,vhs_polaroid,574769586177,video,video
full_screen_sequences,Conversation_DEConfront_11,1835585757194,your family,your family
full_screen_sequences,Conversation_DEConfront_59,1835589951531,i hate you,я ненавижу тебя
nextrooms_dialogues,,72108465693122578,zombie,zombie
nextrooms_dialogues,Billboard_InteractingDialogue,110308848156270594,(Replace) with Generic_Interacting_Option with parameter bloodyCamera.stp,(Replace) with Generic_Interacting_Option with parameter bloodyCamera.stp
nextrooms_dialogues,EmptyFishTank_InteractingDialogue,110308848160464897,(Replace) with Generic_Interacting_Option with parameter brokenAquarium.stp,(Replace) with Generic_Interacting_Option with parameter brokenAquarium.stp
nextrooms_dialogues,MovieStand_InteractingDialogue,100455706484793367,(Replace) with Generic_Interacting_Option with parameter movieStand.stp,(Replace) with Generic_Interacting_Option with parameter movieStand.stp
nextrooms_dialogues,PhotoBooth_Quiz_Answer_1,72016740123402240,the sweaters,the sweaters
nextrooms_dialogues,PhotoBooth_Quiz_Answer_1_Alt_1,110308848164659242,thesweaters,thesweaters
nextrooms_dialogues,PhotoBooth_Quiz_Answer_1_Alt_2,110308848164659243,sweaters,sweaters
nextrooms_dialogues,PhotoBooth_Quiz_Answer_1_Alt_3,125347783794221056,the_sweaters,the_sweaters
nextrooms_dialogues,PhotoBooth_Quiz_Answer_1_Alt_4,125347783806803968,the-sweaters,the-sweaters
nextrooms_dialogues,PhotoBooth_Quiz_Answer_3_Alt_2,192411675204247552,red,red
nextrooms_dialogues,PhotoBooth_Quiz_Answer_4,72016740123402243,pineapplesummer,pineapplesummer
nextrooms_dialogues,PhotoBooth_Quiz_Answer_4_Alt_1,110308848164659244,pineapple_summer,pineapple_summer
nextrooms_dialogues,PhotoBooth_Quiz_Answer_4_Alt_2,110308848164659245,pineapple summer,pineapple summer
nextrooms_dialogues,PhotoBooth_Quiz_Answer_4_Alt_3,125347783806803969,pineapple-summer,pineapple-summer
nextrooms_dialogues,RoomieName_Femur,110308848164659228,femur,femur
nextrooms_dialogues,RoomieName_Max,168096402896838656,the_max,the_max
npg_contents,,22583975884087300, no todas , no todas 
npg_contents,,22583975888281601, thank you for , thank you for 
npg_contents,,23918510466916354, no todas , no todas 
npg_contents,,23918510471110657, thank you for , thank you for 
npg_contents,,24009303970013184, no todas , no todas 
npg_contents,,24009303974207489, thank you for , thank you for 
npg_contents,,24257803009908740, no todas , no todas 
npg_contents,,24257803018297346, thank you for , thank you for 
npg_contents,,24672734888845316, no todas , no todas 
npg_contents,,24672734893039617, thank you for , thank you for 
pizarro_dialogue_contents,Generic_TalkToMe_14,89085743668912128,Did you know? Pizarro rhymes with Bizarro! Talk about crazy! ...heh,Did you know? Pizarro rhymes with Bizarro! Talk about crazy! ...heh
